{"cameraMode":{"drawMode":0,"name":"Shaded","section":"Shading Mode"},"sceneLighting":true,"audioPlay":false,"sceneViewState":{"m_AlwaysRefresh":false,"showFog":true,"showSkybox":true,"showFlares":true,"showImageEffects":true,"showParticleSystems":true,"showVisualEffectGraphs":true,"m_FxEnabled":true},"in2DMode":false,"pivot":{"x":1.230616569519043,"y":3.9417309761047365,"z":20.166582107543947},"rotation":{"x":0.04616158828139305,"y":-0.017689168453216554,"z":-0.0008255814318545163,"w":-0.9987401366233826},"size":13.978450775146485,"orthographic":false}