{"cameraMode":{"drawMode":0,"name":"Shaded","section":"Shading Mode"},"sceneLighting":true,"audioPlay":false,"sceneViewState":{"m_AlwaysRefresh":false,"showFog":true,"showSkybox":true,"showFlares":true,"showImageEffects":true,"showParticleSystems":true,"showVisualEffectGraphs":true,"m_FxEnabled":true},"in2DMode":false,"pivot":{"x":-0.15357476472854615,"y":3.1017158031463625,"z":1.7984635829925538},"rotation":{"x":-0.06829660385847092,"y":-0.26061058044433596,"z":0.018476247787475587,"w":-0.9627970457077026},"size":0.8660253882408142,"orthographic":false}